office_id, city, latitude, longitude, work_day_hours, holiday_hours, opt_0, opt_1, opt_2, opt_3, opt_4, opt_5, opt_6, opt_7, opt_8, opt_9, opt_10, opt_11, opt_12, opt_13, opt_14, opt_15, opt_16
0, г.Москва, 55.754664, 37.608984, 10:00-20:00, not working, 1, 1, 0, 1, 0, 0, 0, 0, 0, 1, 1, 0, 0, 1, 1, 0, 0
1, г.Москва, 55.75178, 37.59927, 10:00-20:00, not working, 1, 1, 0, 1, 0, 0, 0, 0, 0, 1, 1, 0, 0, 1, 1, 0, 0
2, г.Москва, 55.762194, 37.63441, 10:00-20:00, 10:00-17:00, 1, 1, 0, 0, 0, 1, 0, 0, 0, 1, 1, 1, 1, 1, 1, 0, 0
3, г.Москва, 55.767421, 37.612543, 10:00-20:00, not working, 1, 1, 0, 1, 0, 0, 0, 0, 0, 1, 1, 0, 0, 1, 1, 0, 0
4, г.Москва, 55.741678, 37.61697, 10:00-19:00, not working, 1, 1, 0, 0, 0, 1, 1, 0, 0, 1, 1, 0, 0, 1, 1, 1, 0
5, г.Москва, 55.741602, 37.633023, 10:00-19:00, not working, 1, 0, 0, 0, 0, 0, 0, 0, 0, 0, 0, 0, 0, 1, 0, 0, 0
6, г.Москва, 55.77173, 37.60526, 10:00-20:00, not working, 1, 1, 0, 1, 0, 0, 0, 0, 0, 1, 1, 0, 0, 1, 1, 0, 0
7, г.Москва, 55.73926, 37.62809, 10:00-20:00, not working, 1, 1, 0, 1, 0, 1, 0, 0, 0, 1, 1, 1, 1, 1, 1, 0, 0
8, г.Москва, 55.773356, 37.631909, 10:00-20:00, not working, 0, 1, 0, 1, 0, 0, 0, 0, 0, 1, 1, 0, 0, 1, 1, 0, 0
9, г.Москва, 55.775064, 37.625082, 10:00-19:00, not working, 0, 1, 0, 1, 0, 1, 0, 0, 0, 1, 1, 0, 0, 1, 1, 0, 0
10, г.Москва, 55.739047, 37.59648, 10:00-19:00, not working, 1, 1, 0, 0, 0, 0, 0, 0, 0, 0, 0, 0, 0, 0, 0, 0, 0
11, г.Москва, 55.74417, 37.58462, 09:00-20:30, 10:00-17:00, 1, 1, 1, 1, 0, 1, 1, 1, 0, 1, 0, 1, 1, 1, 0, 1, 0
12, г.Москва, 55.7715, 37.64935, 10:00-20:00, not working, 1, 1, 0, 1, 0, 0, 0, 0, 0, 1, 1, 0, 0, 1, 1, 0, 0
13, г.Москва, 55.762368, 37.657718, 10:00-20:00, not working, 0, 1, 0, 0, 0, 1, 0, 0, 0, 1, 1, 0, 0, 1, 1, 1, 0
14, г.Москва, 55.741219, 37.583908, 09:00-20:00, 10:00-17:00, 1, 1, 0, 0, 0, 1, 1, 0, 0, 1, 1, 0, 0, 1, 1, 1, 0
15, г.Москва, 55.77047, 37.584049, 10:00-20:00, not working, 1, 1, 0, 0, 0, 1, 0, 0, 0, 1, 1, 0, 0, 1, 1, 1, 0
16, г.Москва, 55.773826, 37.588824, 09:00-20:00, 10:00-17:00, 1, 1, 0, 0, 0, 0, 0, 0, 0, 1, 0, 0, 0, 1, 0, 1, 0
17, г.Москва, 55.734937, 37.642186, 09:00-20:00, not working, 1, 1, 0, 0, 0, 0, 0, 0, 0, 1, 0, 0, 0, 1, 0, 1, 0
18, г.Москва, 55.73847, 37.66435, 10:00-20:00, 10:00-17:00, 1, 1, 0, 0, 0, 0, 0, 0, 0, 1, 0, 0, 0, 1, 0, 0, 0
19, г.Москва, 55.78643, 37.63666, 10:00-20:00, not working, 0, 1, 0, 0, 0, 1, 1, 0, 0, 1, 0, 1, 1, 1, 0, 0, 0
20, г.Москва, 55.746385, 37.672621, 10:00-20:00, 10:00-17:00, 1, 1, 0, 0, 0, 0, 1, 0, 0, 1, 0, 1, 1, 1, 0, 0, 0
21, г.Москва, 55.721544, 37.609568, 10:00-20:00, 10:00-17:00, 1, 0, 0, 0, 0, 0, 0, 0, 0, 1, 1, 0, 1, 1, 1, 0, 0
22, г.Москва, 55.773795, 37.681313, 10:00-20:00, 10:00-17:00, 1, 0, 0, 1, 0, 1, 1, 0, 0, 1, 0, 1, 1, 1, 0, 1, 0
23, г.Москва, 55.73064, 37.674613, 10:00-20:00, 10:00-17:00, 0, 1, 0, 0, 0, 1, 1, 0, 1, 1, 1, 1, 1, 1, 1, 0, 0
24, г.Москва, 55.713998, 37.619989, 11:00-20:00, 10:00-17:00, 0, 1, 0, 0, 0, 0, 0, 0, 1, 1, 0, 0, 1, 1, 0, 0, 0
25, г.Москва, 55.751796, 37.532637, 09:00-20:00, not working, 1, 1, 0, 1, 0, 1, 1, 0, 0, 1, 0, 0, 0, 1, 0, 1, 0
26, г.Москва, 55.793693, 37.560574, 10:00-20:00, not working, 0, 1, 0, 1, 0, 0, 0, 0, 0, 1, 1, 0, 0, 1, 1, 0, 0
27, г.Москва, 55.70928, 37.58004, 10:00-20:00, 10:00-17:00, 1, 1, 0, 1, 0, 0, 0, 0, 0, 1, 1, 0, 0, 1, 1, 1, 0
28, г.Москва, 55.80383, 37.58227, 11:00-20:00, not working, 0, 0, 0, 1, 0, 0, 0, 0, 0, 1, 1, 0, 0, 1, 1, 0, 0
29, г.Москва, 55.739797, 37.530048, 10:00-20:00, 10:00-17:00, 1, 1, 0, 1, 0, 0, 1, 0, 0, 1, 1, 1, 1, 1, 1, 1, 0
30, г.Москва, 55.795724, 37.540601, 10:00-20:00, 10:00-17:00, 1, 1, 0, 0, 0, 0, 0, 0, 0, 1, 1, 0, 0, 1, 1, 0, 0
31, г.Москва, 55.782724, 37.717815, 10:00-20:00, 10:00-17:00, 0, 0, 0, 0, 0, 0, 0, 0, 0, 1, 0, 0, 0, 1, 0, 1, 0
32, г.Москва, 55.79493, 37.70673, 10:00-20:00, 10:00-17:00, 0, 1, 0, 0, 0, 0, 0, 0, 0, 1, 1, 0, 0, 1, 1, 1, 0
33, г.Москва, 55.695611, 37.662371, 09:00-19:00, not working, 1, 1, 0, 1, 0, 1, 0, 0, 1, 1, 1, 0, 1, 1, 1, 0, 0
34, г.Москва, 55.8209184, 37.64618347, 10:00-20:00, 10:00-17:00, 0, 1, 0, 0, 0, 1, 1, 0, 0, 1, 0, 1, 1, 1, 0, 0, 0
35, г.Москва, 55.737502, 37.504789, 10:00-20:00, not working, 1, 1, 0, 0, 0, 0, 0, 0, 0, 1, 0, 0, 0, 1, 0, 0, 0
36, г.Москва, 55.793885, 37.509819, 10:00-20:00, not working, 1, 1, 0, 0, 0, 1, 1, 0, 0, 1, 1, 1, 1, 1, 1, 0, 0
37, г.Москва, 55.805245, 37.519863, 10:00-20:00, not working, 0, 1, 0, 0, 0, 0, 0, 0, 0, 1, 1, 0, 0, 1, 1, 0, 0
38, г.Москва, 55.691533, 37.549722, 10:00-20:00, not working, 0, 1, 0, 1, 0, 1, 1, 0, 1, 1, 1, 1, 1, 1, 1, 0, 0
39, г.Москва, 55.792088, 37.496956, 10:00-20:00, 10:00-17:00, 0, 1, 0, 0, 0, 0, 0, 0, 0, 1, 0, 1, 1, 1, 0, 0, 0
40, г.Москва, 55.682217, 37.566797, 10:00-20:00, 10:00-17:00, 0, 1, 0, 0, 0, 0, 0, 0, 0, 1, 0, 0, 0, 1, 0, 1, 0
41, г.Москва, 55.709931, 37.732638, 10:00-20:00, 10:00-17:00, 0, 0, 0, 0, 0, 0, 0, 0, 0, 1, 1, 0, 0, 1, 1, 0, 0
42, г.Москва, 55.702881, 37.509954, 10:00-20:00, 10:00-17:00, 0, 1, 0, 1, 0, 0, 0, 0, 0, 1, 1, 0, 0, 1, 1, 1, 0
43, г.Москва, 55.67119, 37.66074, 10:00-20:00, 10:00-17:00, 0, 1, 0, 1, 0, 0, 0, 0, 0, 1, 1, 0, 0, 1, 1, 1, 0
44, г.Москва, 55.664182, 37.598663, 10:00-20:00, not working, 1, 1, 0, 1, 1, 0, 1, 0, 0, 1, 0, 1, 1, 1, 0, 1, 0
45, г.Москва, 55.660617, 37.618686, 10:00-20:00, 10:00-17:00, 1, 1, 0, 1, 0, 0, 0, 0, 0, 1, 0, 0, 0, 1, 0, 1, 0
46, г.Москва, 55.821386, 37.497746, 10:00-21:00, 10:00-17:00, 0, 1, 0, 0, 0, 0, 0, 0, 0, 1, 0, 0, 0, 1, 0, 1, 0
47, г.Москва, 55.720722, 37.774463, 10:00-20:00, 10:00-17:00, 1, 0, 0, 0, 0, 0, 0, 0, 0, 1, 1, 0, 0, 1, 1, 0, 0
48, г.Москва, 55.752759, 37.791846, 10:00-20:00, 10:00-17:00, 0, 0, 0, 1, 0, 0, 0, 0, 1, 1, 1, 0, 1, 1, 1, 0, 0
49, г.Москва, 55.85578, 37.58588, 10:00-20:00, 10:00-17:00, 0, 1, 0, 0, 0, 0, 1, 0, 0, 1, 0, 0, 1, 1, 0, 0, 0
50, г.Москва, 55.724271, 37.44691, 10:00-20:00, 10:00-17:00, 1, 1, 0, 1, 0, 1, 0, 0, 0, 1, 1, 0, 0, 1, 1, 0, 0
51, г.Москва, 55.646624, 37.606514, 10:00-20:00, 10:00-17:00, 0, 1, 0, 1, 0, 0, 0, 0, 0, 1, 0, 0, 1, 1, 0, 0, 0
52, г.Москва, 55.671727, 37.495455, 10:00-20:00, not working, 0, 0, 0, 1, 0, 1, 0, 0, 1, 1, 1, 0, 0, 1, 1, 0, 0
53, г.Москва, 55.770451, 37.423992, 10:00-20:00, not working, 1, 1, 0, 0, 0, 0, 0, 0, 0, 1, 1, 0, 0, 1, 1, 0, 0
54, г.Москва, 55.645913, 37.669666, 10:00-20:00, 10:00-17:00, 0, 0, 0, 1, 0, 0, 0, 0, 1, 1, 0, 0, 0, 1, 0, 0, 0
55, г.Москва, 55.67651, 37.76123, 10:00-20:30, 10:00-17:00, 0, 0, 0, 0, 0, 0, 0, 0, 0, 1, 0, 0, 0, 1, 0, 1, 0
56, г.Москва, 55.84576, 37.47759, 10:00-20:00, 10:00-17:00, 0, 1, 0, 0, 0, 0, 0, 0, 0, 1, 0, 0, 0, 1, 0, 1, 0
57, г.Москва, 55.817588, 37.797442, 10:00-20:00, 10:00-17:00, 0, 0, 0, 0, 0, 0, 1, 0, 0, 1, 1, 0, 1, 1, 1, 0, 0
58, г.Москва, 55.833016, 37.454348, 10:00-20:00, 10:00-17:00, 0, 0, 0, 0, 0, 0, 0, 0, 0, 1, 0, 0, 0, 1, 0, 0, 0
59, г.Москва, 55.759927, 37.406172, 10:00-20:00, 10:00-17:00, 0, 1, 0, 1, 0, 0, 0, 0, 0, 1, 1, 0, 0, 1, 1, 0, 0
60, г.Москва, 55.655595, 37.493792, 10:00-20:00, 10:00-17:00, 0, 1, 0, 1, 0, 1, 1, 0, 0, 1, 0, 1, 1, 1, 0, 1, 0
61, г.Москва, 55.642642, 37.52438, 10:00-21:00, 10:00-17:00, 0, 1, 0, 1, 0, 0, 0, 0, 0, 1, 0, 0, 0, 1, 0, 1, 0
62, г.Москва, 55.875395, 37.532691, 10:00-20:00, 10:00-17:00, 0, 0, 0, 1, 0, 0, 1, 0, 0, 1, 0, 0, 1, 1, 0, 0, 0
63, г.Москва, 55.79993, 37.40767, 10:00-20:00, 10:00-17:00, 0, 1, 0, 1, 0, 1, 1, 0, 0, 1, 1, 1, 1, 1, 1, 0, 0
64, г.Москва, 55.888018, 37.668031, 10:00-20:00, 10:00-17:00, 0, 0, 0, 1, 0, 0, 0, 0, 1, 1, 0, 0, 0, 1, 0, 0, 0
65, г.Москва, 55.892864, 37.585601, 10:00-20:00, 10:00-17:00, 0, 0, 0, 0, 0, 1, 0, 0, 0, 1, 0, 0, 1, 1, 0, 0, 0
66, г.Москва, 55.70242, 37.84839, 09:00-20:00, 10:00-17:00, 1, 0, 0, 1, 0, 1, 1, 0, 0, 1, 0, 0, 1, 1, 0, 1, 0
67, г.Москва, 55.741906, 37.870089, 10:00-20:00, 10:00-17:00, 0, 0, 0, 1, 0, 0, 0, 0, 1, 1, 0, 0, 0, 1, 0, 0, 0
68, г.Москва, 55.65883, 37.409505, 10:00-20:00, 10:00-17:00, 0, 0, 0, 1, 0, 0, 0, 0, 1, 1, 0, 1, 1, 1, 0, 0, 0
69, г.Москва, 55.604092, 37.539024, 10:00-20:00, 10:00-17:00, 0, 0, 0, 0, 0, 0, 0, 0, 0, 1, 0, 0, 0, 1, 0, 0, 0
70, г.Москва, 55.609945, 37.732521, 10:00-20:00, 10:00-17:00, 0, 0, 0, 0, 0, 0, 1, 0, 0, 1, 0, 0, 1, 1, 0, 0, 0
71, г.Химки, 55.887836, 37.416682, 10:00-20:00, 10:00-17:00, 1, 1, 0, 1, 0, 0, 1, 0, 1, 1, 1, 1, 1, 1, 1, 1, 0
72, г.Мытищи, 55.917949, 37.746463, 10:00-20:00, 10:00-17:00, 0, 1, 0, 1, 0, 1, 1, 0, 0, 0, 1, 1, 1, 1, 1, 1, 0
73, г.Москва, 55.848468, 37.354528, 10:00-21:00, 10:00-17:00, 0, 0, 0, 1, 0, 1, 1, 0, 0, 1, 0, 1, 1, 1, 0, 1, 0
74, г.Балашиха, 55.796015, 37.933941, 10:00-20:00, 10:00-17:00, 0, 0, 0, 1, 0, 0, 0, 0, 0, 1, 0, 1, 1, 1, 0, 0, 0
75, г.Москва, 55.56786, 37.56677, 10:00-20:00, 10:00-17:00, 0, 0, 0, 0, 0, 1, 1, 0, 0, 1, 0, 1, 1, 1, 0, 1, 0
76, г.Одинцово, 55.68516, 37.30283, 09:30-20:00, 10:00-17:00, 0, 0, 0, 1, 0, 0, 1, 0, 0, 1, 0, 0, 1, 1, 0, 1, 0
77, г.Королев, 55.921844, 37.843759, 10:00-20:00, 10:00-17:00, 1, 0, 0, 1, 0, 0, 1, 0, 0, 1, 0, 1, 1, 1, 0, 0, 0
78, г.Подольск, 55.433374, 37.549606, 09:00-19:00, 10:00-17:00, 1, 0, 0, 1, 0, 0, 1, 0, 0, 1, 0, 0, 1, 1, 0, 1, 0
79, г.Домодедово, 55.434671, 37.772999, 10:00-20:00, 10:00-17:00, 0, 0, 0, 1, 0, 0, 1, 0, 0, 1, 0, 0, 1, 1, 0, 0, 0
80, г.Зеленоград, 55.980709, 37.182186, 10:00-20:00, 10:00-17:00, 0, 0, 0, 0, 0, 1, 1, 0, 0, 1, 0, 0, 1, 1, 0, 0, 0
81, г.Калуга, 54.510235, 36.266781, 10:00-19:00, 10:00-14:00, 1, 0, 1, 1, 0, 0, 1, 0, 0, 1, 1, 1, 1, 1, 1, 0, 0
82, г.Тула, 54.193991, 37.614294, 10:00-19:00, 10:00-14:00, 1, 0, 1, 1, 0, 0, 1, 0, 0, 1, 1, 1, 1, 1, 1, 1, 0
83, г.Ярославль, 57.632939, 39.869766, 10:00-19:00, 10:00-14:00, 1, 0, 0, 1, 0, 0, 1, 0, 0, 1, 1, 1, 1, 1, 1, 0, 0
84, г.Орёл, 52.969161, 36.079513, 10:00-19:00, 10:00-14:00, 1, 0, 0, 1, 0, 1, 1, 0, 0, 1, 1, 1, 1, 1, 1, 1, 0
85, г.Брянск, 53.238916, 34.346806, 09:00-19:00, not working, 1, 0, 1, 1, 0, 1, 1, 0, 0, 1, 1, 1, 1, 1, 1, 0, 0
86, г.Липецк, 52.60163, 39.60169, 09:00-18:00, 10:00-14:00, 1, 0, 0, 1, 0, 0, 1, 0, 0, 1, 1, 1, 1, 1, 1, 0, 0
87, г.Череповец, 59.130684, 37.932638, 09:00-19:00, 10:00-16:00, 1, 1, 0, 1, 0, 0, 1, 0, 0, 1, 1, 1, 1, 1, 1, 1, 0
88, г.Смоленск, 54.770524, 32.102244, 09:00-19:00, not working, 1, 0, 0, 1, 0, 0, 1, 0, 0, 1, 1, 1, 1, 1, 1, 0, 0
89, г.Нижний Новгород, 56.238902, 43.867188, 10:00-19:00, 10:00-15:00, 1, 0, 0, 1, 0, 1, 1, 0, 0, 1, 1, 1, 1, 1, 1, 0, 0
90, г.Нижний Новгород, 56.353641, 43.867277, 10:00-19:00, not working, 1, 0, 0, 1, 0, 0, 1, 0, 0, 1, 1, 0, 1, 1, 1, 0, 0
91, г.Железногорск, 52.327784, 35.359567, 09:00-18:00, not working, 1, 0, 0, 1, 0, 0, 1, 0, 0, 1, 0, 1, 1, 1, 0, 0, 0
92, г.Нижний Новгород, 56.314322, 44.003103, 10:00-19:00, not working, 1, 1, 0, 1, 0, 1, 1, 0, 0, 1, 1, 1, 1, 1, 1, 0, 0
93, г.Нижний Новгород, 56.316419, 44.019533, 09:00-19:00, 10:00-15:00, 1, 1, 0, 1, 0, 1, 1, 0, 0, 1, 1, 1, 0, 1, 1, 0, 0
94, г.Курск, 51.730205, 36.191838, 10:00-19:00, 10:00-14:00, 1, 0, 1, 1, 0, 0, 1, 0, 0, 1, 1, 1, 1, 1, 1, 0, 0
95, г.Воронеж, 51.671417, 39.187612, 10:00-19:00, 11:00-15:00, 1, 0, 0, 1, 0, 0, 0, 0, 0, 0, 1, 0, 1, 1, 1, 1, 0
96, г.Воронеж, 51.658998, 39.196927, 09:00-18:00, 09:00-14:00, 1, 1, 1, 1, 0, 1, 1, 0, 0, 1, 1, 1, 1, 1, 1, 1, 0
97, г.Саранск, 54.18379, 45.18787, 09:00-19:00, 10:00-14:00, 1, 0, 0, 1, 0, 0, 1, 0, 0, 1, 1, 1, 1, 1, 1, 0, 0
98, г.Белгород, 50.569776, 36.569324, 09:00-18:00, 10:00-14:00, 1, 0, 1, 1, 0, 1, 1, 0, 0, 1, 1, 1, 1, 1, 1, 0, 0
99, г.Санкт-Петербург, 59.829283, 30.385982, 11:00-20:00, 11:00-17:00, 1, 0, 0, 0, 0, 0, 1, 0, 0, 0, 0, 0, 1, 1, 0, 0, 0
100, г.Санкт-Петербург, 59.917199, 30.471798, 11:00-20:00, 11:00-17:00, 1, 1, 0, 1, 0, 0, 1, 0, 0, 1, 0, 0, 1, 1, 0, 0, 0
101, г.Санкт-Петербург, 59.848552, 30.322345, 11:00-20:00, 11:00-17:00, 1, 0, 0, 1, 0, 1, 1, 0, 0, 0, 0, 1, 1, 1, 0, 0, 0
102, г.Санкт-Петербург, 59.87242, 30.32103, 11:00-20:00, 11:00-17:00, 1, 1, 0, 1, 0, 1, 1, 0, 0, 0, 0, 1, 1, 1, 0, 1, 0
103, г.Санкт-Петербург, 59.929826, 30.411916, 11:00-20:00, 11:00-17:00, 1, 0, 0, 1, 1, 0, 0, 0, 0, 1, 0, 1, 1, 1, 0, 1, 0
104, г.Санкт-Петербург, 59.850495, 30.267309, 11:00-20:00, 11:00-17:00, 1, 1, 0, 1, 0, 0, 1, 0, 0, 0, 0, 1, 1, 1, 0, 1, 0
105, г.Санкт-Петербург, 59.926314, 30.375876, 11:00-20:00, 11:00-17:00, 1, 1, 1, 1, 0, 1, 1, 0, 0, 0, 0, 1, 1, 1, 0, 0, 0
106, г.Санкт-Петербург, 59.930246, 30.353966, 11:00-20:00, 11:00-17:00, 1, 1, 0, 1, 0, 0, 1, 0, 0, 0, 0, 0, 1, 1, 0, 1, 0
107, г.Санкт-Петербург, 59.944229, 30.358107, 11:00-20:00, 11:00-17:00, 1, 1, 0, 1, 0, 0, 1, 0, 0, 0, 0, 1, 1, 1, 0, 1, 0
108, г.Санкт-Петербург, 59.925367, 30.321941, 11:00-20:00, 11:00-17:00, 1, 1, 0, 1, 0, 0, 1, 0, 0, 0, 1, 1, 1, 1, 1, 0, 0
109, г.Санкт-Петербург, 59.85768, 30.200111, 11:00-20:00, 11:00-17:00, 1, 1, 0, 1, 0, 1, 0, 0, 0, 1, 1, 0, 1, 1, 1, 0, 0
110, г.Санкт-Петербург, 59.938167, 30.321191, 09:00-18:00, not working, 0, 0, 0, 0, 0, 0, 0, 0, 0, 0, 0, 0, 0, 0, 0, 0, 1
111, г.Санкт-Петербург, 59.937762, 30.320416, 10:00-19:00, not working, 1, 1, 1, 1, 0, 1, 1, 1, 0, 0, 1, 1, 1, 1, 1, 0, 0
112, г.Санкт-Петербург, 59.959791, 30.31797, 11:00-20:00, 11:00-17:00, 1, 1, 0, 1, 0, 1, 1, 0, 0, 0, 1, 0, 1, 1, 1, 1, 0
113, г.Санкт-Петербург, 60.012047, 30.394948, 11:00-20:00, 11:00-17:00, 0, 0, 0, 0, 0, 1, 0, 0, 0, 0, 1, 0, 1, 1, 1, 0, 0
114, г.Санкт-Петербург, 59.945788, 30.270863, 11:00-20:00, 11:00-17:00, 1, 1, 0, 1, 0, 0, 1, 0, 0, 0, 1, 1, 1, 1, 1, 1, 0
115, г.Санкт-Петербург, 60.000425, 30.299878, 11:00-20:00, 11:00-17:00, 1, 1, 1, 0, 0, 0, 1, 0, 0, 0, 1, 1, 1, 1, 1, 0, 0
116, г.Санкт-Петербург, 59.987303, 30.219272, 11:00-20:00, 11:00-17:00, 1, 1, 0, 1, 0, 0, 1, 0, 0, 0, 1, 1, 1, 1, 1, 0, 0
117, г.Санкт-Петербург, 60.010134, 30.258248, 11:00-20:00, 11:00-17:00, 1, 1, 0, 1, 0, 0, 1, 0, 0, 0, 0, 0, 1, 1, 0, 1, 0
118, г.Санкт-Петербург, 60.053112, 30.33626, 11:00-20:00, 11:00-17:00, 1, 1, 0, 1, 0, 0, 1, 0, 0, 1, 0, 1, 1, 1, 0, 1, 0
119, г.Петрозаводск, 61.788186, 34.355906, 09:00-19:00, not working, 1, 1, 0, 1, 0, 0, 1, 0, 0, 1, 1, 1, 0, 1, 1, 0, 0
120, г.Саратов, 51.54853, 46.005861, 09:00-19:00, 10:00-15:00, 0, 0, 0, 0, 0, 0, 1, 0, 0, 1, 1, 1, 1, 1, 1, 0, 0
121, г.Казань, 55.826391, 49.118381, 10:00-19:00, not working, 0, 0, 0, 1, 0, 0, 1, 0, 0, 1, 1, 1, 1, 1, 1, 0, 0
122, г.Казань, 55.795313, 49.172466, 10:00-19:00, 10:00-15:00, 0, 1, 0, 1, 0, 0, 1, 0, 0, 1, 1, 1, 1, 1, 1, 0, 0
123, г.Казань, 55.746253, 49.216664, 10:00-19:00, not working, 0, 0, 0, 1, 0, 0, 1, 0, 0, 1, 1, 1, 1, 1, 1, 0, 0
124, г.Киров, 58.599479, 49.656713, 10:00-19:00, 10:00-15:00, 1, 0, 0, 1, 0, 0, 1, 0, 0, 0, 1, 1, 1, 1, 1, 0, 0
125, г.Самара, 53.199918, 50.104254, 10:00-19:00, 10:00-15:00, 1, 1, 0, 1, 0, 1, 1, 0, 0, 1, 1, 1, 1, 1, 1, 0, 0
126, г.Самара, 53.24972, 50.225311, 10:00-19:00, 10:00-15:00, 0, 0, 0, 1, 0, 0, 1, 0, 0, 1, 1, 1, 1, 1, 1, 0, 0
127, г.Самара, 53.200722, 50.203149, 10:00-19:00, 10:00-15:00, 0, 1, 0, 1, 0, 0, 0, 0, 0, 1, 1, 0, 0, 1, 1, 0, 0
128, г.Волгоград, 48.719064, 44.531124, 10:00-19:00, 10:00-14:00, 1, 1, 1, 1, 0, 1, 1, 0, 0, 1, 1, 1, 1, 1, 1, 0, 0
129, г.Волгоград, 48.514212, 44.538094, 10:00-19:00, 10:00-14:00, 1, 0, 1, 0, 0, 0, 1, 0, 0, 0, 1, 1, 1, 1, 1, 0, 0
130, г.Ростов-на-Дону, 47.226472, 39.730311, 09:30-18:30, 10:00-14:00, 0, 1, 0, 1, 0, 1, 1, 0, 0, 1, 1, 1, 1, 1, 1, 1, 0
131, г.Ростов-на-Дону, 47.218914, 39.70293, 10:00-18:00, 10:00-14:00, 1, 1, 0, 1, 0, 0, 1, 0, 0, 1, 1, 1, 1, 1, 1, 0, 0
132, г.Ростов-на-Дону, 47.20745, 39.63158, 10:00-19:00, 10:00-14:00, 1, 0, 0, 1, 0, 0, 1, 0, 0, 1, 0, 1, 1, 1, 0, 0, 0
133, г.Сыктывкар, 61.668554, 50.82561, 09:00-19:00, not working, 1, 0, 0, 1, 0, 0, 1, 0, 0, 1, 1, 0, 1, 1, 1, 0, 0
134, г.Калининград, 54.718078, 20.500255, 09:00-19:00, 10:00-17:00, 1, 1, 1, 0, 0, 0, 1, 0, 0, 1, 1, 1, 1, 1, 1, 0, 0
135, г.Краснодар, 45.049564, 38.977604, 10:00-18:00, 10:00-14:00, 1, 1, 0, 1, 0, 1, 1, 0, 0, 1, 1, 1, 1, 1, 1, 1, 0
136, г.Краснодар, 45.037649, 38.99433, 10:00-19:00, 10:00-14:00, 1, 1, 1, 1, 0, 1, 1, 0, 0, 1, 1, 1, 1, 1, 1, 0, 0
137, г.Пермь, 58.01288, 56.22782, 10:00-19:00, 10:00-15:00, 1, 1, 0, 1, 0, 1, 1, 0, 0, 1, 1, 1, 1, 1, 1, 0, 0
138, г.Краснодар, 45.021061, 39.016662, 10:00-19:00, 10:00-14:00, 0, 1, 0, 1, 0, 0, 1, 0, 0, 1, 1, 1, 1, 1, 1, 0, 0
139, г.Пермь, 57.994021, 56.251928, 10:00-19:00, not working, 1, 0, 0, 1, 0, 0, 1, 0, 0, 1, 1, 1, 1, 1, 1, 0, 0
140, г.Уфа, 54.729282, 55.942959, 09:00-19:00, 10:00-15:00, 1, 1, 0, 1, 0, 1, 1, 0, 0, 1, 1, 1, 1, 1, 1, 0, 0
141, г.Уфа, 54.742678, 55.989135, 10:00-19:00, 10:00-15:00, 1, 0, 0, 1, 0, 0, 1, 0, 0, 1, 1, 1, 1, 1, 1, 1, 0
142, г.Анапа, 44.890695, 37.314584, 09:00-18:00, not working, 1, 0, 0, 1, 0, 0, 1, 0, 0, 1, 0, 1, 1, 1, 0, 0, 0
143, г.Уфа, 54.769326, 56.024861, 10:00-19:00, not working, 1, 0, 0, 1, 0, 0, 1, 0, 0, 0, 1, 1, 1, 1, 1, 0, 0
144, г.Новороссийск, 44.713517, 37.776763, 09:00-18:00, 10:00-14:00, 1, 1, 0, 1, 0, 1, 1, 0, 0, 1, 0, 1, 1, 1, 0, 0, 0
145, г.Сочи, 43.594528, 39.727668, 10:00-19:00, 10:00-14:00, 1, 1, 0, 1, 0, 1, 1, 0, 0, 1, 0, 0, 1, 1, 0, 0, 0
146, г.Пятигорск, 44.040182, 43.070288, 10:00-18:00, not working, 1, 0, 0, 0, 0, 0, 1, 0, 0, 0, 1, 1, 1, 1, 1, 0, 0
147, г.Миасс, 55.134428, 60.147252, 09:00-19:00, 10:00-15:00, 0, 0, 0, 0, 0, 0, 1, 0, 0, 1, 1, 1, 1, 1, 1, 0, 0
148, г.Екатеринбург, 56.82924, 60.56498, 10:00-19:00, 10:00-17:00, 1, 0, 0, 0, 0, 0, 1, 0, 0, 1, 0, 1, 1, 1, 0, 0, 0
149, г.Екатеринбург, 56.83078, 60.5974, 10:00-19:00, 10:00-17:00, 1, 1, 0, 0, 0, 0, 1, 0, 0, 1, 1, 0, 1, 1, 1, 0, 0
150, г.Екатеринбург, 56.89279, 60.61266, 10:00-19:00, 10:00-17:00, 1, 0, 0, 0, 0, 0, 1, 0, 0, 1, 1, 1, 1, 1, 1, 0, 0
151, г.Екатеринбург, 56.837174, 60.615288, 10:00-20:00, 10:00-17:00, 0, 1, 0, 1, 0, 1, 1, 0, 0, 1, 1, 1, 1, 1, 1, 1, 0
152, г.Екатеринбург, 56.853749, 60.638069, 10:00-19:00, not working, 1, 0, 0, 0, 0, 0, 1, 0, 0, 1, 0, 1, 1, 1, 0, 0, 0
153, г.Челябинск, 55.18103, 61.333581, 10:00-19:00, 10:00-17:00, 1, 0, 0, 0, 0, 0, 1, 0, 0, 1, 1, 1, 1, 1, 1, 0, 0
154, г.Челябинск, 55.159645, 61.393184, 10:00-19:00, 10:00-17:00, 1, 1, 0, 0, 0, 0, 1, 0, 0, 1, 0, 0, 1, 1, 0, 0, 0
155, г.Челябинск, 55.165919, 61.411995, 10:00-20:00, 10:00-17:00, 1, 1, 0, 1, 0, 1, 1, 0, 0, 1, 1, 1, 1, 1, 1, 1, 0
156, г.Тюмень, 57.141827, 65.561385, 10:00-19:00, 10:00-17:00, 1, 1, 0, 1, 0, 0, 1, 0, 0, 1, 1, 1, 1, 1, 1, 1, 0
157, г.Тюмень, 57.111713, 65.568886, 10:00-19:00, 10:00-17:00, 0, 1, 0, 0, 0, 0, 1, 0, 0, 1, 1, 1, 1, 1, 1, 0, 0
158, г.Сургут, 61.267828, 73.383654, 10:00-19:00, 10:00-17:00, 0, 0, 0, 0, 0, 0, 1, 0, 0, 1, 1, 1, 1, 1, 1, 1, 0
159, г.Сургут, 61.250093, 73.439835, 10:00-19:00, not working, 0, 0, 0, 0, 0, 0, 1, 0, 0, 1, 0, 0, 1, 1, 0, 0, 0
160, г.Омск, 54.972158, 73.383223, 10:00-19:00, not working, 0, 0, 0, 0, 0, 0, 1, 0, 0, 1, 0, 1, 1, 1, 0, 0, 0
161, г.Омск, 54.978126, 73.38917, 10:00-19:00, 10:00-14:00, 1, 1, 0, 1, 0, 1, 1, 0, 0, 1, 1, 1, 1, 1, 1, 1, 0
162, г.Омск, 54.955619, 73.41381, 10:00-19:00, not working, 1, 0, 0, 0, 0, 0, 1, 0, 0, 1, 1, 0, 1, 1, 1, 0, 0
163, г.Новосибирск, 55.057079, 82.909147, 10:00-19:00, 10:00-14:00, 1, 1, 0, 1, 0, 0, 1, 0, 0, 1, 0, 1, 1, 1, 0, 1, 0
164, г.Новосибирск, 55.040776, 82.91804, 10:00-19:00, not working, 1, 0, 0, 1, 0, 0, 1, 0, 0, 1, 0, 1, 1, 1, 0, 0, 0
165, г.Новосибирск, 55.027268, 82.913791, 10:00-19:00, 10:00-17:00, 1, 1, 0, 0, 0, 1, 1, 0, 0, 1, 1, 1, 1, 1, 1, 0, 0
166, г.Новосибирск, 55.031267, 82.91795, 10:00-19:00, not working, 1, 0, 0, 1, 0, 0, 1, 0, 0, 1, 1, 0, 1, 1, 1, 0, 0
167, г.Новосибирск, 54.990886, 82.908042, 10:00-19:00, 10:00-17:00, 1, 0, 0, 0, 0, 0, 1, 0, 0, 1, 1, 1, 1, 1, 1, 1, 0
168, г.Новосибирск, 54.839095, 83.095736, 10:00-19:00, 10:00-16:00, 0, 1, 1, 0, 0, 0, 1, 0, 0, 0, 1, 1, 1, 1, 1, 0, 0
169, г.Бердск, 54.756932, 83.116604, 10:00-19:00, not working, 1, 0, 0, 1, 0, 0, 1, 0, 0, 1, 1, 1, 1, 1, 1, 0, 0
170, г.Томск, 56.476473, 84.96345, 10:00-19:00, 10:00-14:00, 1, 0, 1, 1, 0, 0, 1, 0, 0, 1, 1, 1, 1, 1, 1, 1, 0
171, г.Барнаул, 53.335253, 83.77541, 10:00-18:00, not working, 0, 0, 0, 0, 1, 0, 0, 0, 0, 0, 0, 0, 0, 0, 0, 0, 0
172, г.Кемерово, 55.343788, 86.093621, 10:00-19:00, 10:00-16:00, 1, 0, 1, 0, 0, 0, 1, 0, 0, 1, 1, 1, 1, 1, 1, 1, 0
173, г.Красноярск, 56.012766, 92.814025, 10:00-19:00, not working, 1, 1, 0, 1, 0, 0, 1, 0, 0, 1, 0, 1, 1, 1, 0, 0, 0
174, г.Красноярск, 56.01238, 92.873107, 10:00-19:00, 10:00-17:00, 1, 1, 1, 1, 0, 1, 1, 0, 0, 1, 1, 1, 1, 1, 1, 1, 0
175, г.Красноярск, 56.043357, 92.910621, 10:00-19:00, not working, 0, 0, 0, 0, 0, 0, 1, 0, 0, 1, 1, 1, 1, 1, 1, 0, 0
176, г.Иркутск, 52.28981, 104.283602, 10:00-19:00, 10:00-14:00, 1, 0, 1, 0, 0, 0, 1, 0, 0, 1, 1, 1, 1, 1, 1, 1, 0
177, г.Иркутск, 52.278984, 104.284077, 10:00-19:00, not working, 1, 0, 0, 0, 0, 0, 1, 0, 0, 1, 1, 1, 1, 1, 1, 0, 0
